region_id,n_pixels,min_lat,max_lat,min_lon,max_lon,centroid_lat,centroid_lon,t_minutes,shift_meters
1077,2469,42.88046986221714,43.290380108422596,-84.74,-84.27,43.119919445970396,-84.494186,30,138900.0
