region_id,n_pixels,min_lat,max_lat,min_lon,max_lon,centroid_lat,centroid_lon,t_minutes,shift_meters
1077,2469,41.907905827885486,42.31788591179942,-84.74,-84.27,42.1473961974782,-84.494186,20,30866.666666666664
