region_id,n_pixels,min_lat,max_lat,min_lon,max_lon,centroid_lat,centroid_lon,t_minutes,shift_meters
1077,2469,41.61791649796712,42.02774244528107,-86.4066796899925,-85.94734455046314,41.85731709328619,-86.16706859596466,30,138900.0
