region_id,n_pixels,min_lat,max_lat,min_lon,max_lon,centroid_lat,centroid_lon,t_minutes,shift_meters
1077,2469,41.609156519220434,42.01915801213865,-84.74,-84.27,41.84865939102696,-84.494186,15,2315.0
