region_id,n_pixels,min_lat,max_lat,min_lon,max_lon,centroid_lat,centroid_lon,t_minutes,shift_meters
1077,2469,41.62976687761048,42.039763519051846,-84.50848844982833,-84.03700620888303,41.86926692088688,-84.26181234940509,25,19291.666666666664
