region_id,n_pixels,min_lat,max_lat,min_lon,max_lon,centroid_lat,centroid_lon,t_minutes,shift_meters
1077,2469,41.57441721607413,41.98442119693555,-84.74,-84.27,41.81392154073907,-84.494186,20,6173.333333333333
