region_id,n_pixels,min_lat,max_lat,min_lon,max_lon,centroid_lat,centroid_lon,t_minutes,shift_meters
1077,2469,41.56052143584119,41.97052641179037,-84.74,-84.27,41.800026341595725,-84.494186,25,7716.666666666666
