region_id,n_pixels,min_lat,max_lat,min_lon,max_lon,centroid_lat,centroid_lon,t_minutes,shift_meters
1077,2469,41.629403209051226,42.03939461122448,-85.11041709242868,-84.64278862831513,41.868900199887136,-84.86598242433675,20,30866.666666666664
