t,f_lat,f_lon,f_alt_ft
0,39.99806,-84.75528,27000.0
300,40.487499999999976,-84.53730000000006,22000.0
600,41.7375,-84.1773,17000.0
