region_id,n_pixels,min_lat,max_lat,min_lon,max_lon,centroid_lat,centroid_lon,t_minutes,shift_meters
1077,2469,41.62906751755845,42.03905408357439,-84.27698023579532,-83.80401587319638,41.868561690809244,-84.0294421041044,25,38583.33333333333
