t,f1_lat,f1_lon,f1_alt_ft
0.0,43.09239653435184,-86.22098350157782,23000.0
480.0,42.62900335210917,-85.74242087540115,21000.0
960.0,42.22935418893835,-85.28410000000608,21000.0
1440.0,41.709900000001674,-84.7533,21000.0
1920.0,41.7375,-84.1773,21000.0
