region_id,n_pixels,min_lat,max_lat,min_lon,max_lon,centroid_lat,centroid_lon,t_minutes,shift_meters
1077,2469,40.79620168449841,41.206261304452525,-84.74,-84.27,41.03573849875382,-84.494186,20,92600.0
