region_id,n_pixels,min_lat,max_lat,min_lon,max_lon,centroid_lat,centroid_lon,t_minutes,shift_meters
1077,2469,40.587733197203534,40.997807687897314,-84.74,-84.27,40.82727869454409,-84.494186,25,115750.0
