region_id,n_pixels,min_lat,max_lat,min_lon,max_lon,centroid_lat,centroid_lon,t_minutes,shift_meters
1077,2469,41.650843404940844,42.06084191190939,-84.74,-84.27,41.890344533066276,-84.494186,15,2315.0
